relation_name,score_rf,score_lr,score_combined
wikiPageWikiLink,0.02270815501283765,0.3611744091209479,0.19194128206689276
sameAs,0.011863162284859879,0.23464445722998972,0.1232538097574248
subject,0.003752822154972191,0.07799084693024985,0.04087183454261102
description,0.003881067141116707,0.07063368127613735,0.03725737420862703
label,0.001992371724650134,0.035375931601431015,0.018684151663040573
wikiPageExternalLink,0.0016404644066984491,0.033039262482315965,0.017339863444507206
wikiPageUsesTemplate,0.0014742364429826142,0.02706123217913134,0.014267734311056976
wasDerivedFrom,0.001389667000826722,0.02692559814119244,0.014157632571009581
type,0.0014533837899354004,0.026458972980105435,0.013956178385020418
isPrimaryTopicOf,0.0011554713800408065,0.025069910792095442,0.013112691086068124
birthDate,0.001388425671870257,0.024735234330617858,0.013061830001244057
birthPlace,0.001215160237457896,0.020816952907724395,0.011016056572591146
birthPlace,0.0010199716284677593,0.020449463614105046,0.010734717621286402
termPeriod,0.0011054773690251367,0.019229247131840658,0.010167362250432898
birthDate,0.001082054836127516,0.018220010719395368,0.009651032777761442
name,0.0009864860928074154,0.01772613571699409,0.009356310904900753
name,0.000807139632058556,0.014046007202827896,0.007426573417443226
occupation,0.0005983694725279322,0.010977532472156763,0.005787950972342347
office,0.0005825491386289907,0.010653895870627312,0.005618222504628151
almaMater,0.0005053811462317653,0.00890119496970722,0.004703288057969493
deathDate,0.00045458214939100313,0.00890944817994501,0.004682015164668007
genre,0.0004881366271513092,0.0088119711912433,0.004650053909197305
birthName,0.00043703361238235135,0.008102162378501178,0.004269597995441765
termStart,0.0004206905540767238,0.007565893950832642,0.003993292252454683
thumbnail,0.00032638017443438553,0.007331215090231323,0.003828797632332854
homepage,0.0003744305650053699,0.007178592541130473,0.0037765115530679215
depiction,0.00032925466381070775,0.0070872935741679065,0.0037082741189893072
team,0.00041086900634364047,0.006812372933926708,0.0036116209701351743
careerStation,0.00035310710379846783,0.006640925595998676,0.0034970163498985723
almaMater,0.0003802291204304312,0.006588471633835774,0.0034843503771331027
predecessor,0.00038300054752807836,0.006486824372054595,0.0034349124597913365
knownFor,0.00034884191120917275,0.006478001266486501,0.003413421588847837
givenName,0.00030436309137709056,0.006210426169520309,0.0032573946304486996
deathDate,0.00030580921316296095,0.0061604676118957175,0.0032331384125293392
workplaces,0.0003335216665914032,0.005945457038957604,0.0031394893527745037
hypernym,0.0003135036333646056,0.005831718246804813,0.0030726109400847092
clubs,0.00033384269955723093,0.005705952000819807,0.003019897350188519
spouse,0.00032184398735975183,0.005658611979807467,0.0029902279835836093
sameAs,0.000259915209414871,0.005646704636080239,0.002953309922747555
institution,0.0002863479621721739,0.00523373328408073,0.002760040623126452
caption,0.00023649821951123032,0.005180526728255885,0.0027085124738835576
genre,0.00027715481257024183,0.005123957477377411,0.0027005561449738266
deathPlace,0.000251345320648047,0.005112823658783873,0.00268208448971596
fields,0.0003031684903650304,0.004851715449631283,0.0025774419699981566
education,0.0002778337843666129,0.0048265857237830565,0.002552209754074835
termEnd,0.00023724662972097796,0.004362299636025871,0.0022997731328734243
academicDiscipline,0.0002533064849781318,0.004294768131867429,0.0022740373084227804
years,0.00020822876855631128,0.004146601781242509,0.00217741527489941
label,0.00021126387180344673,0.004140690975823749,0.002175977423813598
activeYearsStartYear,0.00018675526714338465,0.0039081749108867,0.0020474650890150423
party,0.000231199894152039,0.0038451335173578785,0.002038166705754959
yearsActive,0.0001815554665439548,0.003765180667228982,0.0019733680668864682
party,0.00022685591768153242,0.003715873678298188,0.00197136479798986
deathPlace,0.00021096422295367747,0.0037132909340175466,0.001962127578485612
occupation,0.000165076857418074,0.003452097728201857,0.0018085872928099657
knownFor,0.00020334544881454018,0.003408665619683701,0.0018060055342491205
fullname,0.0001759132142130461,0.003156075675966024,0.001665994445089535
title,0.00017151477510357415,0.0029954464981366904,0.0015834806366201322
awards,0.00016768238392702095,0.0029701579550722016,0.0015689201694996113
successor,0.00016617111896174912,0.0028037956122639583,0.0014849833656128536
instrument,0.00014340778980802006,0.0028010663107112376,0.0014722370502596289
doctoralAdvisor,0.00015610468208955976,0.002664165571457858,0.001410135126773709
origin,0.00013124199695281998,0.002651439839442949,0.0013913409181978845
nationality,0.00014278826038475816,0.0025971168630259224,0.0013699525617053402
birthName,0.00012328423602323812,0.0023005930893650363,0.0012119386626941373
education,0.0001232101790431361,0.002253424056548743,0.0011883171177959396
award,0.0001164216479795248,0.0022377327582550777,0.0011770772031173013
field,0.00012812406001480532,0.00217319640042842,0.0011506602302216128
associatedActs,0.00012024239316585743,0.002109734123793205,0.0011149882584795313
position,9.658657613671796e-05,0.001846893759626002,0.00097174016788136
website,9.793244094187244e-05,0.0017653206788423815,0.000931626559892127
workInstitutions,9.871367387338028e-05,0.0017455538263226392,0.0009221337500980097
position,9.253983544668343e-05,0.001689874621067382,0.0008912072282570327
doctoralAdvisor,9.728933219606735e-05,0.0016803501041553425,0.0008888197181757049
alias,9.27274079073344e-05,0.0016584654950523255,0.0008755964514798299
goals,8.042540296740484e-05,0.0016560167525667261,0.0008682210777670654
hometown,7.806850212245528e-05,0.0015589009384231686,0.000818484720272812
recordLabel,7.496869472578237e-05,0.0015269784518415455,0.000800973573283664
termstart,8.122971679439537e-05,0.0014804784513541163,0.0007808540840742559
youthclubs,7.996943914361075e-05,0.0014102614608891787,0.0007451154500163948
caps,6.22107744366179e-05,0.0013533670224932263,0.0007077888984649221
background,5.786030647388417e-05,0.0012497922598228108,0.0006538262831483475
team,6.818088113710608e-05,0.0011924431211067432,0.0006303120011219247
height,6.228909393331519e-05,0.0011639271771591605,0.0006131081355462379
background,5.1298751391224274e-05,0.0011619293375774086,0.0006066140444843165
thesisTitle,6.249524476291542e-05,0.001147648429005489,0.0006050718368842021
nativeName,6.313889121268396e-05,0.0011209601923349547,0.0005920495417738193
currentclub,5.865903461666814e-05,0.001104294454960721,0.0005814767447886946
children,6.336074917555784e-05,0.0010896366143189377,0.0005764986817472478
height,5.924516466530811e-05,0.0010826297768848645,0.0005709374707750863
associatedBand,6.662630039229068e-05,0.0010437756807247043,0.0005552009905584975
height,5.4321642652477814e-05,0.0010139603527272384,0.0005341409976898581
nationality,5.572582879939418e-05,0.0009898095254334929,0.0005227676771164435
associatedMusicalArtist,6.173408808019753e-05,0.0009644824013205776,0.0005131082447003875
instrument,4.654348166002699e-05,0.0009768121689309856,0.0005116778252955063
termend,5.2418573650749195e-05,0.0009693555029420783,0.0005108870382964137
profession,5.147394338932536e-05,0.000935114087981858,0.0004932940156855917
alias,4.930163738575037e-05,0.0009369626933614667,0.0004931321653736085
prizes,5.1455606631175714e-05,0.0009140612500982839,0.00048275842836472977
number,3.8313931609838884e-05,0.000919622532063979,0.0004789682318369089
youthyears,4.6082514014663167e-05,0.000872589679367899,0.0004593360966912811
highSchool,4.813662238375686e-05,0.0008481639651509911,0.000448150293767374
nationalteam,4.6591520204507876e-05,0.0008217557171686836,0.0004341736186865957
constituency,4.61622675220399e-05,0.000778040955026851,0.00041210161127444545
fullName,4.199609308310864e-05,0.0007715657708653038,0.0004067809319742062
thesisYear,4.180749337815218e-05,0.0007562685513336533,0.0003990380223559027
nationalyears,3.912528488481492e-05,0.0007534697958991123,0.00039629754039196364
workInstitution,4.503081106053098e-05,0.0007370569366988899,0.00039104387387971045
doctoralStudents,3.971127133775214e-05,0.0007236594209229371,0.00038168534613034464
weight,3.80310780561869e-05,0.0007225668311965246,0.00038029895462635577
originalName,3.911647118259745e-05,0.0007212167748394615,0.00038016662301102946
college,3.798525038990784e-05,0.0007029310415325542,0.000370458145961231
citizenship,4.2935773478482294e-05,0.0006956936417440729,0.00036931470761127755
heightFt,2.989259016231237e-05,0.000683009223608569,0.0003564509068854407
thesisUrl,3.8519295112582404e-05,0.0006733113396781687,0.00035591531739537555
highschool,3.5269460959407306e-05,0.0006724886971816254,0.0003538790790705164
club,3.6418609159674284e-05,0.0006517912703724576,0.00034410493976606593
occupations,3.272786062460382e-05,0.0006277661595255851,0.00033024701007509444
weight,3.128625984485002e-05,0.0006272730850011207,0.0003292796724229854
succeeded,3.642125153073211e-05,0.0006034810653356562,0.00031995115843319415
heightIn,2.751522199504186e-05,0.0006101413941607473,0.0003188283080778946
votes,2.6795541869481702e-05,0.0006028028230998499,0.0003147991824846658
parents,3.572551033939444e-05,0.0005843323688212267,0.0003100289395803106
clubUpdate,3.408903549073513e-05,0.0005765887961723186,0.0003053389158315268
event,2.982491569983792e-05,0.0005419689688362951,0.0002858969422680665
alongside,3.118634864778874e-05,0.0005093757087903297,0.0002702810287190592
pastMemberOf,2.8090586666600767e-05,0.0005090475233804545,0.00026856905502352764
district,2.81233027924651e-05,0.0005087841389519868,0.00026845372087222594
sport,2.8417238368367965e-05,0.0005000390922143775,0.00026422816529137274
year,2.514190453487601e-05,0.00048062754336500774,0.00025288472394994186
activeYearsEndYear,2.5262361132403112e-05,0.0004698003282072828,0.00024753134466984296
nationalcaps,2.431997201632953e-05,0.0004695317998530751,0.0002469258859347023
nationalgoals,2.2016376260357646e-05,0.0004532565237734738,0.0002376364500169157
residence,2.413612642565704e-05,0.000445695569537358,0.00023491584798150753
residence,2.071617810368262e-05,0.00038562287446467034,0.00020316952628417648
clubnumber,1.6438281260200633e-05,0.00038827768015788636,0.0002023579807090435
otherparty,1.9452652544917535e-05,0.0003768387630256813,0.00019814570778529944
runs,1.696728708025683e-05,0.00037605307913816716,0.00019651018310921198
highschool,2.0105644241279754e-05,0.00036721384635316336,0.00019365974529722156
highlights,1.7527321732247245e-05,0.0003631308038153135,0.00019032906277378036
date,1.938919310412976e-05,0.00035827493355260496,0.00018883206332836737
reppoints,1.6340789304147482e-05,0.000354846966005799,0.00018559387765497323
president,1.9236247578542747e-05,0.00034711361187608856,0.00018317492972731565
weight,1.9107442876597403e-05,0.0003397963821915904,0.0001794519125340939
preceded,1.9416325739645857e-05,0.0003136557902556555,0.00016653605799765066
country,1.7403315514029704e-05,0.00031209149287217343,0.00016474740419310157
repcaps,1.5195569779871716e-05,0.00030959078478899437,0.00016239317728443305
topScore,1.305652250813821e-05,0.0003049625602925214,0.0001590095414003298
1namedata,1.736720299586635e-05,0.00029565704885272536,0.00015651212592429585
number,1.2384194307882398e-05,0.0002975684691807508,0.0001549763317443166
currentMemberOf,1.569793215054935e-05,0.00029200417053080373,0.00015385105134067654
nativeNameLang,1.5926499011556248e-05,0.0002870156005721797,0.00015147104979186798
percentage,1.538257153407586e-05,0.0002868931268711657,0.00015113784920262077
school,1.4324693049405598e-05,0.00028441097548519216,0.00014936783426729887
militaryService,1.7108714524957284e-05,0.00027785530257124034,0.0001474820085480988
repyears,1.3126634760924547e-05,0.00025948520328561794,0.00013630591902327125
profession,1.3130931916464907e-05,0.00025569713189381373,0.00013441403190513933
deliveries,1.0482737794194858e-05,0.00024303871341172688,0.00012676072560296087
before,1.2632114450239117e-05,0.00023785942009115862,0.00012524576727069886
apps,9.316561458224733e-06,0.00023971049046913302,0.00012451352596367887
weightLb,1.3458199525538204e-05,0.0002342516301425009,0.00012385491483401956
batAvg,1.111260096982647e-05,0.00023647127304161236,0.0001237919370057194
matches,1.0545750755378114e-05,0.00023298079807329396,0.00012176327441433603
after,1.2180760096754528e-05,0.00022836632535158799,0.00012027354272417126
school,1.0878499278410351e-05,0.00021974269185580755,0.00011531059556710895
country,1.176890300219071e-05,0.00021004258846434054,0.00011090574573326562
1blankname,1.1574895448332274e-05,0.00020726621025244518,0.00010942055285038873
spouses,1.1616770800970738e-05,0.00020634442216314547,0.0001089805964820581
showMedals,1.0300006472048234e-05,0.00020722705571578874,0.00010876353109391849
citizenship,1.1132320039876854e-05,0.00020582490071689225,0.00010847861037838455
career,1.1444257101861503e-05,0.00020420418516488731,0.0001078242211333744
honorificPrefix,1.1197465132346455e-05,0.00020203295361482325,0.00010661520937358486
collegeyears,1.0152156912028085e-05,0.00019826145715230037,0.00010420680703216423
released,1.055773873176852e-05,0.0001966194746860854,0.00010358860670892697
source,9.757187716266644e-06,0.0001972527561189533,0.00010350497191760998
formerTeam,9.778996956190656e-06,0.000197045586449457,0.00010341229170282382
statvalue,8.049737791154576e-06,0.00019728226038679458,0.00010266599908897458
honorificSuffix,1.1256951803532705e-05,0.0001900152016768578,0.00010063607674019526
points,8.849535663342231e-06,0.00019223037114091075,0.00010053995340212649
serviceyears,1.0442214259658317e-05,0.00018754005064386506,9.899113245176169e-05
currentnumber,8.272052736021228e-06,0.00018526274620475955,9.676739947039039e-05
careerStart,9.307081226219346e-06,0.00018158608716147218,9.544658419384576e-05
college,9.043587113820822e-06,0.0001787809687848281,9.391227794932446e-05
stumpings,7.740774716043806e-06,0.00017892913532795645,9.333495502200013e-05
doctoralStudent,9.543347083124472e-06,0.00017111965323187694,9.03315001575007e-05
updated,9.493744604398802e-06,0.00017115246312043907,9.032310386241893e-05
espn,8.474049185947975e-06,0.0001694058282340634,8.893993871000569e-05
stateHouse,9.678537380044527e-06,0.00016362680431079407,8.66526708454193e-05
espnId,8.047783870555274e-06,0.0001632125586742702,8.563017127241275e-05
committees,8.51941957305738e-06,0.00015108335508817289,7.980138733061514e-05
restingPlace,8.634334353501268e-06,0.00014824215213555297,7.843824324452712e-05
broadIn,6.71513575845591e-06,0.00014938731480038052,7.805122527941821e-05
columns,6.320736720478662e-06,0.00014512062811434406,7.572068241741136e-05
alt,7.158406050988087e-06,0.00014133530127539507,7.424685366319158e-05
nick,7.264285173508582e-06,0.00013977008652919684,7.351718585135271e-05
pcupdate,7.171869650745203e-06,0.0001355065304634397,7.133920005709245e-05
relation,8.079660493709207e-06,0.0001334981312348328,7.0788895864271e-05
broadFt,5.80344958884178e-06,0.00013447168946551123,7.01375695271765e-05
doublestitles,6.022634851584057e-06,0.000132759454916334,6.939104488395903e-05
trainer,7.353202473700794e-06,0.00012987615344028924,6.861467795699502e-05
landscape,6.382984083475751e-06,0.00012958467439117856,6.798382923732715e-05
singlestitles,5.605157849881038e-06,0.0001280194802037774,6.681231902682922e-05
collegegoals,5.1664250450012954e-06,0.00012793628033970055,6.655135269235092e-05
hometown,6.550462152292089e-06,0.00012633104285054666,6.644075250141938e-05
father,7.403322481525529e-06,0.00012530109242845595,6.635220745499073e-05
undraftedYear,5.403756032449173e-06,0.0001269087403348943,6.615624818367174e-05
id,6.735251249117634e-06,0.0001252585230455618,6.599688714733972e-05
wikiPageRedirects,6.88079885960258e-06,0.00012191138501340747,6.439609193650502e-05
wordnet_type,6.773915412758123e-06,0.00012172953985631156,6.425172763453484e-05
undraftedyear,5.5139225262889835e-06,0.0001221351711662384,6.38245468462637e-05
pfr,5.383664543033815e-06,0.00012207441250990052,6.372903852646717e-05
wickets,5.053702628069449e-06,0.00011362000244800159,5.933685253803552e-05
2namedata,6.424368659254122e-06,0.00010888904781424935,5.7656708236751735e-05
researchField,6.022009967818045e-06,0.00010874550163128559,5.738375579955181e-05
draftYear,5.1452967523762145e-06,0.00010825293862802114,5.669911769019868e-05
heightin,4.610899139715416e-06,0.0001062434399373188,5.5427169538517106e-05
relatives,5.996682204853883e-06,0.00010485442829808359,5.542555525146874e-05
specialism,5.839161868125021e-06,0.0001015216504179829,5.368040614305396e-05
discipline,5.905410049181931e-06,0.00010041804475755515,5.316172740336854e-05
careerprizemoney,5.093799858950253e-06,0.00010110714281552398,5.310047133723712e-05
careerPrizeMoney,4.975306638866275e-06,9.968979494101498e-05,5.233255078994063e-05
weightClass,5.301191885639887e-06,9.504356390978072e-05,5.01723778977103e-05
fivefor,4.368749419754139e-06,9.54812752896457e-05,4.992501235469992e-05
tenfor,4.655490551206706e-06,9.440623677795367e-05,4.953086366458018e-05
bench,4.003990444694212e-06,9.354879675162918e-05,4.8776393598161694e-05
pastteams,4.195646771044304e-06,8.659539698555529e-05,4.539552187829979e-05
50s,4.1809039961393816e-06,8.611412410781918e-05,4.514751405197928e-05
extra,4.781938592811221e-06,8.363110505874163e-05,4.420652182577643e-05
bestBowling,4.231955683513702e-06,8.136976262847736e-05,4.280085915599553e-05
dash,4.123727343174475e-06,8.097355909342268e-05,4.254864321829858e-05
heightft,3.4777617340867814e-06,7.719940785170149e-05,4.0338584792894135e-05
lost,3.1071984027474418e-06,7.311631368531021e-05,3.811175604402883e-05
candidate,3.859815935871287e-06,7.172614600556174e-05,3.779298097071651e-05
instruments,4.081801954838247e-06,7.079886228972116e-05,3.7440332122279705e-05
restingPlace,4.056123661369044e-06,7.033413803849144e-05,3.719513084993024e-05
draftYear,3.625101541758263e-06,7.052956209649813e-05,3.7077331819128195e-05
twentySplit,3.4049450619775274e-06,6.913722796631031e-05,3.627108651414392e-05
won,2.8530313564075947e-06,6.728212067713412e-05,3.5067576016770856e-05
collegeteam,3.4303351356515412e-06,6.567389995625948e-05,3.455211754595551e-05
names,3.577699344093054e-06,6.197370587037007e-05,3.277570260723156e-05
url,3.449178957657267e-06,6.112215360626679e-05,3.2285666281962023e-05
nationalteamUpdate,3.150200174800847e-06,6.038643777627923e-05,3.176831897554004e-05
pastschools,2.9246123027974094e-06,6.015495313815383e-05,3.153978272047562e-05
writer,3.601046420720537e-06,5.920985060111963e-05,3.140544851092008e-05
draftRound,2.7263653454472014e-06,5.9933873883933977e-05,3.133011961469059e-05
tracks,3.3873654986411853e-06,5.858051242818346e-05,3.0983938963412324e-05
collegecaps,2.619890888579292e-06,5.9192552146386967e-05,3.090622151748313e-05
armSpan,2.982988768805637e-06,5.7934387198924336e-05,3.0458687983864985e-05
statseason,2.7530779621494287e-06,5.6709102134112896e-05,2.9731090048131163e-05
league,3.308706892862718e-06,5.590243208222026e-05,2.9605569487541487e-05
highestsinglesranking,2.7694305047639354e-06,5.551411036721607e-05,2.9141770435990003e-05
status,2.9232024356574084e-06,5.514904737744987e-05,2.9036124906553638e-05
teamyear,2.927939004926106e-06,5.420798973429804e-05,2.8567964369612073e-05
birthYear,2.8317733199722253e-06,5.405683356571798e-05,2.8444303442845104e-05
authorAbbrevBot,3.0927474695477133e-06,5.181408450258387e-05,2.745341598606579e-05
imageSize,2.7590243165036876e-06,5.132558209717597e-05,2.704230320683983e-05
league,2.9490638465272884e-06,5.0966573283983436e-05,2.6957818565255363e-05
draftPick,2.385366434318131e-06,5.0305812906516807e-05,2.6345589670417468e-05
year1start,2.7235705228228697e-06,4.990340298329105e-05,2.631348675305696e-05
footnotes,2.8040087747517405e-06,4.9523459163505456e-05,2.6163733969128598e-05
decWins,2.2482973280206885e-06,4.9929365186518255e-05,2.608883125726947e-05
spouse,2.783763346653895e-06,4.89708697149883e-05,2.58773165308211e-05
currentsinglesranking,2.3936247354500535e-06,4.913705265911088e-05,2.5765338697280466e-05
battles,2.6197955933171184e-06,4.859260571176135e-05,2.5606200652539236e-05
coneDrill,2.3019833990167536e-06,4.87052255722414e-05,2.550360448562908e-05
monarch,2.607222701350534e-06,4.748313358748457e-05,2.5045178144417554e-05
recruit,2.5713907744490294e-06,4.5723410993359214e-05,2.414740088390412e-05
koWins,2.2092169114644536e-06,4.5496639435420736e-05,2.3852928173442596e-05
order,2.2210362113894528e-06,4.516847381674082e-05,2.3694755014065137e-05
governor,2.6560603570799637e-06,4.406375352194749e-05,2.335990693951373e-05
bowlgames,2.014764587596581e-06,4.465576762979912e-05,2.333526610869785e-05
militaryData,2.546565848171181e-06,4.2852140894856656e-05,2.269935337151392e-05
singlesrecord,1.944006808021001e-06,4.340112924695814e-05,2.267256802748957e-05
nickname,2.2228104082580128e-06,4.293855779411988e-05,2.2580684101188946e-05
pb,2.3764294819621756e-06,4.266983083142835e-05,2.252313015669526e-05
highestdoublesranking,2.1258947899679917e-06,4.195811564783466e-05,2.2042005218901324e-05
coach,2.0297544811389396e-06,4.193626681646724e-05,2.198301064880309e-05
currentdoublesranking,1.8002572254643457e-06,4.209065244260083e-05,2.194545483403259e-05
clubyears,1.979802427125442e-06,4.174089308496122e-05,2.186034775604333e-05
teamhonour,2.00115489977798e-06,4.140224146979037e-05,2.1701698184784175e-05
notableWorks,2.1617182347262315e-06,4.090289528204124e-05,2.1532306758383736e-05
bowlAvg,2.1066628999583397e-06,4.0696969301749045e-05,2.140181610085369e-05
natlteam,1.9336700485399416e-06,3.935399124380313e-05,2.0643830646171538e-05
1y,2.136671222194734e-06,3.869914151670124e-05,2.041790636944799e-05
shuttle,1.8393040289173834e-06,3.876309116455727e-05,2.0301197596737327e-05
debut,1.9734485892962104e-06,3.837063293021756e-05,2.0172040759756887e-05
doublesrecord,1.769842915671126e-06,3.856384635430644e-05,2.016684463498878e-05
ntupdate,2.0057087211668218e-06,3.8264604299472995e-05,2.0135156510319908e-05
stateSenate,1.8806160102097195e-06,3.7277028104090075e-05,1.95788220571499e-05
koLosses,1.6361154148031637e-06,3.7449530503965525e-05,1.9542822959384345e-05
clubupdate,1.936649436566557e-06,3.595736690238163e-05,1.8947008169474093e-05
topic,1.786060294986233e-06,3.5186741792956994e-05,1.8486401043971614e-05
academicAdvisor,1.8740297881303938e-06,3.4838004920039976e-05,1.8356017354085185e-05
decLosses,1.4517213706523748e-06,3.416302779221402e-05,1.7807374581433197e-05
currentTeam,1.5210542360377245e-06,3.3684913339527474e-05,1.76029837877826e-05
2y,1.6975987090839631e-06,3.1906428560520556e-05,1.680201363480226e-05
academicAdvisors,1.6541224097219656e-06,3.192401310724974e-05,1.6789067758485856e-05
plays,1.474633063448528e-06,3.1469113835571814e-05,1.647187344951017e-05
term,1.6556194050045505e-06,3.1285625592454524e-05,1.6470622498729538e-05
tries,1.4479246811113139e-06,3.139245597513881e-05,1.642019032812506e-05
battingSide,1.6850053255334312e-06,3.105043839130517e-05,1.6367721858419303e-05
university,1.5513704758944353e-06,3.0532089794134454e-05,1.6041730135014444e-05
currentposition,1.6239157894839085e-06,2.9960316187750784e-05,1.5792115988617346e-05
draftyear,1.1684286530738623e-06,2.8626513773948824e-05,1.4897471213511343e-05
allegiance,1.4971113044989705e-06,2.7756915226324513e-05,1.4627013265411741e-05
batting,1.4636455739256214e-06,2.719238934998291e-05,1.4328017461954267e-05
reason,1.3945421460731467e-06,2.6937593492603664e-05,1.4166067819338405e-05
university,1.3808598205661786e-06,2.694588199035536e-05,1.416337090546077e-05
appointer,1.492401681907667e-06,2.596765405742972e-05,1.3730027869668694e-05
constituencyMp,1.5504454757144265e-06,2.580950558212413e-05,1.3679975528919278e-05
notableStudents,1.3411467348711436e-06,2.5999675143742168e-05,1.3670410939306656e-05
width,1.2802440223716728e-06,2.5969663933001305e-05,1.3624953977686489e-05
notableStudent,1.3125664403379454e-06,2.5708648462107316e-05,1.3510607451222631e-05
draftround,1.153937166447857e-06,2.5843217728194333e-05,1.3498577447321095e-05
works,1.419953108538672e-06,2.4979190769407418e-05,1.3199571938973045e-05
restingplace,1.4254117392064222e-06,2.4886983159616956e-05,1.315619744941169e-05
amatyears,1.160760489287277e-06,2.463750082944215e-05,1.2899130659364712e-05
signature,1.4391048877155645e-06,2.4340779588113215e-05,1.288994223791439e-05
club,1.2412440469191938e-06,2.4454158641853733e-05,1.2847701344386463e-05
in,1.2321722465878033e-06,2.4109381901629335e-05,1.2670777074108569e-05
turnedpro,1.3019064767561675e-06,2.3670077381294544e-05,1.2485991929025356e-05
superyears,1.2358212555443682e-06,2.3725227867499186e-05,1.2480524561521777e-05
bowlingSide,1.3462507702489939e-06,2.3595352446984134e-05,1.2470801608616565e-05
majority,1.268917884057807e-06,2.365109620788125e-05,1.2460007045969528e-05
assembly,1.221108043184921e-06,2.3502429992215414e-05,1.2361769017700167e-05
plays,1.1178237251288334e-06,2.3230227774321203e-05,1.2174025749725019e-05
draftpick,1.1885971858802872e-06,2.2934483183328696e-05,1.2061540184604492e-05
alternativeName,1.081136356803651e-06,2.2036653810052617e-05,1.1558895083428134e-05
rank,1.070885576130283e-06,2.0730970031283305e-05,1.0900927803706793e-05
bowling,1.1238770773311968e-06,2.005770907589876e-05,1.0590793076614978e-05
inches,1.1258338007063252e-06,1.9968093448308732e-05,1.0546963624507529e-05
note,9.221961097853082e-07,1.9838049256253395e-05,1.0380122683019351e-05
artist,1.083487596979893e-06,1.9439141120432636e-05,1.0261314358706264e-05
weightLbs,1.0370432960656196e-06,1.8774347546507002e-05,9.90569542128631e-06
branch,9.910125110811401e-07,1.8741496004127672e-05,9.866254257604407e-06
commands,8.37404747959234e-07,1.8667396755420655e-05,9.752400751689945e-06
c,1.0226196812461083e-06,1.812535274573413e-05,9.573986213490118e-06
tenSplit,8.328724304394903e-07,1.8300942275367685e-05,9.566907352903588e-06
otherNames,8.407623522927945e-07,1.757573779158465e-05,9.208250071938721e-06
subLosses,8.908312489991041e-07,1.7355148983839336e-05,9.12299011641922e-06
year2start,9.000590867506173e-07,1.7022628871740006e-05,8.961343979245311e-06
handSpan,7.605785123608652e-07,1.6927447474618637e-05,8.844012993489751e-06
vertical,8.160478878901617e-07,1.670751156160526e-05,8.761779724747711e-06
module,9.321672717689736e-07,1.6573082794410724e-05,8.752625033089849e-06
imageUpright,9.974588523843954e-07,1.6395600879981424e-05,8.69652986618291e-06
differentFrom,8.675943064924883e-07,1.652140551966822e-05,8.694499913080353e-06
role,8.637674570319433e-07,1.6252215071846772e-05,8.557991264439358e-06
odidebutagainst,8.384004332429907e-07,1.5889321429407067e-05,8.36386093132503e-06
year1end,8.662171877788108e-07,1.569833244953179e-05,8.2822748186553e-06
repupdate,8.671906788905872e-07,1.5297044412227367e-05,8.082117545558978e-06
yearpro,8.046144789443349e-07,1.5272259507164325e-05,8.03843699305433e-06
child,8.89647693418936e-07,1.5073407216015993e-05,7.981527454717464e-06
subWins,7.555024885812803e-07,1.4708755815780776e-05,7.732129152181029e-06
repteam,6.75191265838554e-07,1.4239863866225878e-05,7.4575275660322165e-06
column,7.16070876382107e-07,1.3881667891706338e-05,7.298869384044222e-06
p,7.218881546781747e-07,1.3779022315646006e-05,7.2504552351620906e-06
mother,7.751280355244131e-07,1.3467558110475893e-05,7.121343073000153e-06
rivalsRefTitle,6.994956542194827e-07,1.3447295543388978e-05,7.07339559880423e-06
year3start,7.072686102751222e-07,1.3389516341513889e-05,7.048392475894506e-06
mmaSubwin,7.349543005850464e-07,1.3273440011690617e-05,7.004197156137832e-06
t20idebutyear,5.726773514566329e-07,1.2073917943189758e-05,6.323297647323195e-06
espnRefTitle,6.23241326200591e-07,1.1913541034786307e-05,6.268391180493449e-06
statlabel,6.274702854833977e-07,1.1816549151341611e-05,6.222009718412505e-06
draws,4.3469364978549477e-07,1.1902027968266047e-05,6.168360809025771e-06
fieldgoals,5.773707174943753e-07,1.1672953569305192e-05,6.125162143399784e-06
lastodidate,6.215931514409671e-07,1.1147144124108471e-05,5.884368637774719e-06
nationals,6.185127716453342e-07,1.1142311396286028e-05,5.8804120839656815e-06
lastodiyear,5.514750036498945e-07,1.1130955545337492e-05,5.841215274493693e-06
orderInOffice,6.497380305858882e-07,1.0951924313049633e-05,5.8008311718177604e-06
lastodiagainst,5.058298017076398e-07,1.0807455805375306e-05,5.656642803541473e-06
pointsa,5.00058560068348e-07,1.0634276132082513e-05,5.5671673460754306e-06
retired,5.844146285325436e-07,1.0288186213706056e-05,5.4363004211193e-06
throws,5.685812863686845e-07,1.017283000347016e-05,5.370705644919423e-06
appearances,4.931483085372341e-07,1.016577402238302e-05,5.329461165460128e-06
ruSevensnationalyears,5.334191817715196e-07,9.581343751286288e-06,5.057381466528904e-06
mmaDecwin,5.023791892369265e-07,9.589555444916011e-06,5.045967317076469e-06
class,4.902331983510049e-07,9.573112614790578e-06,5.031672906570791e-06
totalgoals,3.8053411766452073e-07,9.66995598228136e-06,5.02524504997294e-06
3y,4.7025080452780235e-07,9.474464400327206e-06,4.972357602427504e-06
author,6.033363833101106e-07,9.29949339673434e-06,4.951414890022225e-06
coachStart,4.6356826890176216e-07,9.270815208898806e-06,4.867191738900284e-06
highestRanking,4.646248521225452e-07,9.046436522169763e-06,4.755530687146154e-06
parent,5.136832298378063e-07,8.914557205854702e-06,4.714120217846254e-06
relative,5.196147615569978e-07,8.819043455357281e-06,4.66932910845714e-06
triesa,3.757862784621604e-07,8.95099429182321e-06,4.663390285142685e-06
signature,4.4073669188593524e-07,8.854202793446715e-06,4.647469742666325e-06
nationalTeam,4.858665357273831e-07,8.720348475252558e-06,4.603107505489971e-06
relations,4.839578633215589e-07,8.425946205155069e-06,4.4549520342383135e-06
cfldraftedyear,4.010611470626007e-07,8.378415175006496e-06,4.389738161034548e-06
odidebutyear,4.3685620206584236e-07,8.226968538577004e-06,4.331912370321423e-06
coach,3.961335896253238e-07,8.252769670057392e-06,4.3244516298413574e-06
t20idebutdate,4.925084929779558e-07,8.063782999370262e-06,4.278145746174109e-06
kickboxLoss,4.012881682793589e-07,8.138503542250272e-06,4.269895855264816e-06
disabilityClass,3.842703788446642e-07,7.988862553588764e-06,4.186566466216714e-06
mmaDecloss,3.9189338292416073e-07,7.86874731651384e-06,4.130320349719001e-06
nc,3.226839439561319e-07,7.567672417712687e-06,3.94517818083441e-06
debutyear,3.723037030261895e-07,7.514363210920722e-06,3.943333456973455e-06
arcaWestTopTens,3.14283531873823e-07,7.515716104938921e-06,3.9149998184063714e-06
bats,4.00565844585197e-07,7.352367027912782e-06,3.8764664362489894e-06
volume,3.638075998486017e-07,7.230751369882475e-06,3.7972794848655382e-06
wins,2.788780548474787e-07,7.159703647893258e-06,3.719290851370368e-06
bball,4.000634612334825e-07,6.850393221216344e-06,3.625228341224913e-06
constituencyAm,3.737215366807527e-07,6.731675609453422e-06,3.5526985730670872e-06
status,3.2665888068729153e-07,6.772404165236496e-06,3.549531522961894e-06
headcoach,3.6983968979651984e-07,6.684609745959624e-06,3.527224717878072e-06
rivalsStars,3.862748666201323e-07,6.6425429353352395e-06,3.514408900977686e-06
committee,2.884886630372758e-07,6.704587699510982e-06,3.496538181274129e-06
espnStars,3.741576829315778e-07,6.6106580759160896e-06,3.492407879423834e-06
primeminister,3.338025090799113e-07,6.628204544849311e-06,3.4810035269646114e-06
partner,3.438524456696872e-07,6.606068186785539e-06,3.4749603162276132e-06
birthname,3.0674174686222087e-07,6.4963825820447546e-06,3.4015621644534876e-06
type,3.1285261859152955e-07,6.489148739638971e-06,3.4010006791152504e-06
internationalspan,3.318729291337223e-07,6.454624544273893e-06,3.393248736703808e-06
2blankname,3.3228347483769955e-07,6.316193288717511e-06,3.324238381777605e-06
otherInfo,3.7225548239220605e-07,6.252417544797615e-06,3.3123365135949104e-06
statleague,3.155290455170282e-07,6.249171292807357e-06,3.2823501691621925e-06
yearastart,3.0217902659519415e-07,6.258584886148788e-06,3.280381956371991e-06
region,3.09708917993613e-07,6.148834904198032e-06,3.2292719110958223e-06
length,2.959134364704142e-07,6.012927275830876e-06,3.154420356150645e-06
major,3.0290022588259966e-07,5.981852403175288e-06,3.1423763145289437e-06
fightingOutOf,2.87704154599217e-07,5.851043745998857e-06,3.069373950299037e-06
import,3.727206877101366e-07,5.696192160881028e-06,3.034456424295582e-06
curlingClub,2.887472877581037e-07,5.66255416450722e-06,2.975650726132662e-06
discography,2.836398340202066e-07,5.6136836745394685e-06,2.9486617542798374e-06
247Stars,3.29856263968958e-07,5.503551809084233e-06,2.9167040365265955e-06
losses,2.91708716641312e-07,5.518337081992752e-06,2.905022899317032e-06
mmaKowin,2.879700483322361e-07,5.514361671085833e-06,2.9011658597090345e-06
by,3.471089974299609e-07,5.4486514230243265e-06,2.8978802102271436e-06
lastt20iagainst,3.0203801249481384e-07,5.41091959398533e-06,2.856478803240072e-06
ft,2.72826646821487e-07,5.376202984467777e-06,2.8245148156446318e-06
page,2.7079913659603427e-07,5.274679367691305e-06,2.7727392521436697e-06
fieldgoalsa,2.445517668600993e-07,5.282670072032622e-06,2.7636109194463605e-06
deputy,2.4290979902554573e-07,5.1934035861943265e-06,2.7181566926099362e-06
total,2.6910058356050964e-07,5.10387673089268e-06,2.6864886572265947e-06
arcaWestPoles,2.295205771756271e-07,5.124558798178021e-06,2.677039687676824e-06
sherdog,2.7145050369013384e-07,5.042317331745848e-06,2.656883917717991e-06
unit,3.028422330558287e-07,4.987443324863315e-06,2.645142778959572e-06
ko,2.4007998735984667e-07,5.042032239678468e-06,2.6410561135191574e-06
influencedBy,2.7169097830852447e-07,4.960421157056138e-06,2.6160560676823314e-06
feet,2.7986817399868003e-07,4.883120362271269e-06,2.5814942681349744e-06
nominator,2.48177565691242e-07,4.857105162231143e-06,2.5526413639611924e-06
influences,2.620584345508168e-07,4.833147630815214e-06,2.547603032683015e-06
imagesize,2.893052591910478e-07,4.77223885743376e-06,2.530772058312404e-06
stat1value,2.1827316421453992e-07,4.803993558238479e-06,2.5111333612265095e-06
arcaWestWins,2.0584872312602636e-07,4.620887859822755e-06,2.4133682914743904e-06
wstitle,2.3594881343049793e-07,4.573079223866379e-06,2.4045140186484387e-06
image,2.2406329245456054e-07,4.510501504740198e-06,2.3672823985973794e-06
gamesGoals,2.2634595438457313e-07,4.482354824781284e-06,2.3543503895829283e-06
currentRanking,2.3258045210507037e-07,4.437233359917217e-06,2.3349069060111437e-06
lastt20iyear,2.3116772820780938e-07,4.403909440260834e-06,2.317538584234322e-06
triesb,1.8927977422005544e-07,4.419184575742802e-06,2.3042321749814286e-06
arcaWins,1.9455544832031088e-07,4.399820361296704e-06,2.2971879048085073e-06
exactMatch,2.1081069506453316e-07,4.303918206326415e-06,2.257364450695474e-06
onlinebooks,2.8187490862357024e-07,4.207428799868724e-06,2.2446518542461473e-06
doctoralAdvisors,2.019572301821777e-07,4.280619474015622e-06,2.2412883520988997e-06
playingTeam,2.08979955600304e-07,4.187288966714571e-06,2.1981344611574377e-06
testdebutagainst,2.0494994540558167e-07,4.173391275912875e-06,2.1891706106592284e-06
mmaLoss,1.787093362380545e-07,4.171274204889507e-06,2.174991770563781e-06
goalsa,1.9545350133585882e-07,4.096478835668815e-06,2.1459661685023367e-06
wimbledonresult,2.317481429752951e-07,4.044458056584603e-06,2.138103099779949e-06
fieldgoalsb,1.725302717435113e-07,4.088107345349414e-06,2.1303188085464627e-06
cfldraftedround,2.1181485509706312e-07,3.972821144732235e-06,2.092317999914649e-06
pointsb,1.670014359510282e-07,4.00556004632828e-06,2.086280741139654e-06
with,1.9934502998034618e-07,3.954245729432495e-06,2.076795379706421e-06
era,2.0459851213401998e-07,3.92302201906748e-06,2.06381026560075e-06
worlds,2.0271297903372438e-07,3.829749512054882e-06,2.016231245544303e-06
australianopenresult,2.147255611900346e-07,3.798644498213206e-06,2.0066850297016203e-06
office,2.217523457129789e-07,3.7803957035242643e-06,2.0010740246186216e-06
indivhonour,2.1391016426088647e-07,3.7006928359413843e-06,1.9573015001011355e-06
goalsb,1.564583964418966e-07,3.740836962360818e-06,1.9486476794013574e-06
silverYear,1.7159517818298853e-07,3.6799023644657718e-06,1.92574877132438e-06
ruPosition,1.9576648218012665e-07,3.6220283444245762e-06,1.9088974133023513e-06
draft,1.7886859514095986e-07,3.6218557448390534e-06,1.9003621699900067e-06
frenchopenresult,2.1075655911942585e-07,3.5461106803674687e-06,1.8784336197434473e-06
mainInterests,1.8087371306881518e-07,3.5500077406511375e-06,1.8654407268599763e-06
odidebutdate,1.9534435414671947e-07,3.5193414881740675e-06,1.8573429211603935e-06
truckWins,1.4646125539245633e-07,3.551588466270851e-06,1.8490248608316536e-06
s,1.8820866138573576e-07,3.499243266833789e-06,1.8437259641097623e-06
integer,2.2138552274892915e-07,3.447318351070634e-06,1.8343519369097815e-06
amatteam,1.610952058001705e-07,3.5027946100037543e-06,1.8319449079019623e-06
coachyears,1.6900748537086293e-07,3.4540778733675917e-06,1.8115426793692274e-06
seeAlso,1.7922989077257147e-07,3.3496992584703772e-06,1.7644645746214742e-06
dateOfCurrentRanking,1.789355540121202e-07,3.315126060914493e-06,1.7470308074633067e-06
achievements,1.6628492041496587e-07,3.3224909910811068e-06,1.7443879557480364e-06
draftTeam,1.6909816964168736e-07,3.2715333791542057e-06,1.7203157743979466e-06
dateOfHighestRanking,1.780786107458475e-07,3.2393955418173746e-06,1.708737076281611e-06
bwfbadmintonId,1.5315082733173098e-07,3.2339535287119166e-06,1.6935521780218237e-06
usopenresult,1.8119409228528172e-07,3.190442918687884e-06,1.6858185054865829e-06
bg,1.6720771277422084e-07,3.1874934388084994e-06,1.6773505757913602e-06
imdbId,1.6874194579164433e-07,3.183037637111462e-06,1.675889791451553e-06
third,1.629220513638895e-07,3.166907525648055e-06,1.6649147885059722e-06
cfl,1.5165023731404977e-07,3.1426264921850197e-06,1.6471383647495347e-06
draftTeam,1.6263663002525136e-07,3.0647253466087853e-06,1.6136809883170184e-06
family,1.4586565580729978e-07,3.02741101370781e-06,1.5866383347575548e-06
strokes,1.5698942132929242e-07,3.009963383296231e-06,1.5834764023127617e-06
fg,1.6380485815831693e-07,2.967842931744559e-06,1.565823894951438e-06
odicap,1.5439270974708314e-07,2.961582733500131e-06,1.5579877216236072e-06
prev,1.4569358842054696e-07,2.963658710847231e-06,1.554676149633889e-06
draftPick,1.6004795683274605e-07,2.934595867142484e-06,1.547321911987615e-06
fixAttempted,1.8139195083833788e-07,2.895905544727368e-06,1.538648747782853e-06
appearancesa,1.6119115560940874e-07,2.8752426762593897e-06,1.5182169159343993e-06
mmaSubloss,1.7314264034460198e-07,2.8368288370462543e-06,1.5049857386954282e-06
ruClubupdate,1.5618990310953792e-07,2.83653934347825e-06,1.496364623293894e-06
t20icap,1.396529726573315e-07,2.8492305719355087e-06,1.4944417722964202e-06
short,1.683229948766991e-07,2.791322591482886e-06,1.4798227931797925e-06
lead,1.4079577208825496e-07,2.794989268251462e-06,1.4678925201698584e-06
trainer,1.5039556685724761e-07,2.78263908841966e-06,1.4665173276384538e-06
mmaKoloss,1.5172648471384152e-07,2.762559252068217e-06,1.4571428683910292e-06
silverButton,1.7010926190792696e-07,2.7150059024746394e-06,1.4425575821912832e-06
debutdate,1.4621230232240646e-07,2.7162636373160194e-06,1.431237969819213e-06
firstArcaEastRace,1.423896419098506e-07,2.6980664464979983e-06,1.4202280442039245e-06
tour,1.3185013194599618e-07,2.6940137337688024e-06,1.4129319328573992e-06
2p,1.4888716765112248e-07,2.6754630648439225e-06,1.4121751162475225e-06
bordercolor,1.5362041373104887e-07,2.6383524854694328e-06,1.3959864496002407e-06
lasttestyear,1.200128840222242e-07,2.603267809904834e-06,1.3616403469635292e-06
amatapps,1.1280822251761548e-07,2.4696737277914315e-06,1.2912409751545235e-06
commitdate,1.339101375412338e-07,2.4391080848664132e-06,1.2865091112038234e-06
kickboxWin,1.2078510988276652e-07,2.451969696825815e-06,1.2863774033542908e-06
text,1.3745270330792452e-07,2.389406085440913e-06,1.2634293943744188e-06
247Overall,1.2510297183139508e-07,2.3977158827498958e-06,1.2614094272906455e-06
brm,1.3302416170350881e-07,2.3897446186223566e-06,1.2613843901629327e-06
pastexecutive,1.4312697993672382e-07,2.3792363958414963e-06,1.26118168788911e-06
thesis1Year,1.1641988003373062e-07,2.4046084206159237e-06,1.260514150324827e-06
espnOverall,1.2546986612334093e-07,2.3862300186968773e-06,1.255849942410109e-06
loser,1.1638917225867366e-07,2.393182807594747e-06,1.2547859899267103e-06
bot,1.3439300168787406e-07,2.373679085300238e-06,1.254036043494056e-06
winner,1.2161352380462522e-07,2.3400241187113625e-06,1.2308188212579939e-06
currentteam,1.1838891076516664e-07,2.3323285783204815e-06,1.225358744542824e-06
auto,1.4627613491843345e-07,2.3016188319687795e-06,1.2239474834436064e-06
cfldraftedpick,1.1449071542533167e-07,2.3037957981000774e-06,1.2091432567627045e-06
about,1.4824058459631422e-07,2.2242368207907925e-06,1.1862387026935533e-06
targetLink,1.2584276220364227e-07,2.2453254499970135e-06,1.185584106100328e-06
t20idebutagainst,1.2198850655819448e-07,2.2433189943437123e-06,1.1826537504509534e-06
first,1.3669879958520345e-07,2.164697078450356e-06,1.1506979390177797e-06
substed,1.3905926522300631e-07,2.1202851418524574e-06,1.129672203537732e-06
others,1.3752322972406763e-07,2.111625980085538e-06,1.124574604904803e-06
skip,1.1899210790839387e-07,2.118570438747598e-06,1.118781273327996e-06
rivalsOverall,1.040539276780364e-07,2.110075895905239e-06,1.1070649117916379e-06
second,1.0661190630346544e-07,2.1067034772000695e-06,1.1066576917517674e-06
guernsey,1.0936170022829051e-07,2.074628388634051e-06,1.0919950444311706e-06
format,9.61356983725232e-08,2.0793660501257008e-06,1.087750874249112e-06
coaching,1.0251904165079813e-07,2.0577856561395763e-06,1.0801523488951872e-06
indivyear,1.0222381036488594e-07,2.0459093812809627e-06,1.0740665958229243e-06
draftRound,1.1194339688052409e-07,2.03478479793711e-06,1.0733640974088171e-06
activeYearsStartDate,1.0886075957231595e-07,2.0353970986866205e-06,1.0721289291294682e-06
reach,9.800786652788629e-08,2.028307462956527e-06,1.0631576647422067e-06
diffId,1.1542412852599277e-07,1.993548392224289e-06,1.0544862603751409e-06
presidentLink,1.1361557616606383e-07,1.952363090817938e-06,1.032989333492001e-06
nicknames,9.266880968327496e-08,1.9602020452938573e-06,1.0264354274885662e-06
rivalsSchool,9.586515299224154e-08,1.947920478915061e-06,1.0218928159536513e-06
draft,1.1339220117850792e-07,1.9138770471526598e-06,1.0136346241655839e-06
lastt20idate,1.1648432957277062e-07,1.9063211146785609e-06,1.0114027221256657e-06
stateOfOrigin,1.0205508066688329e-07,1.9122724883372246e-06,1.007163784502054e-06
stateAssembly,1.0347916985864948e-07,1.895166619639644e-06,9.993228947491468e-07
year4start,8.805704937268452e-08,1.8989976275978057e-06,9.93527338485245e-07
headercolor,8.84358811197552e-08,1.8817009426145871e-06,9.850684118671711e-07
amWin,9.708336242036776e-08,1.812591163650031e-06,9.548372630351994e-07
honors,1.0019086258711671e-07,1.7946214082914578e-06,9.474061354392872e-07
totalWidth,9.602790671698763e-08,1.7862700265207953e-06,9.411489666188914e-07
newId,8.181168045501254e-08,1.7861287859178863e-06,9.339702331864494e-07
amatpoints,8.755000590766671e-08,1.7772108552828728e-06,9.323804305952698e-07
heightM,9.272468197346771e-08,1.7503052591683085e-06,9.215149705708881e-07
portal,8.83638093101337e-08,1.7501431803604133e-06,9.192534948352735e-07
highestranking,7.988133663762139e-08,1.7521048621994203e-06,9.159930994185208e-07
last,9.488561670181519e-08,1.7351328748822883e-06,9.150092457920517e-07
employer,9.471227677071219e-08,1.7268216890968679e-06,9.1076698293379e-07
statsend,9.173892925605923e-08,1.6775748105010218e-06,8.846568698785406e-07
debutleague,9.776186099419937e-08,1.645129189564707e-06,8.714455252794531e-07
kickboxKoloss,7.939487562067541e-08,1.633049281364745e-06,8.562220784927102e-07
style,8.916690951542067e-08,1.6166772921509831e-06,8.529221008332019e-07
totalArcaWestRaces,7.915496484712277e-08,1.610460405286183e-06,8.448076850666529e-07
cs1Dates,7.955124587376292e-08,1.5807896634541122e-06,8.301704546639375e-07
subscribers,7.59433531438206e-08,1.5528489861136528e-06,8.143961696287366e-07
kickboxKowin,7.992335261155556e-08,1.5426297565795118e-06,8.112765545955337e-07
langcode,8.006604139364481e-08,1.5146267294612263e-06,7.973463854274356e-07
article,7.512718836099748e-08,1.4659528677268426e-06,7.7054002804392e-07
vicepresident,7.567755894883194e-08,1.448400692251864e-06,7.62039125600348e-07
cis,6.882565485731959e-08,1.4519504498407674e-06,7.603880523490435e-07
espnSchoolid,8.195276806424418e-08,1.434777244188091e-06,7.583650061261676e-07
channelHandle,6.893753652912146e-08,1.4408658599165936e-06,7.549016982228575e-07
record,7.05263519261638e-08,1.4392313093875835e-06,7.548788306568737e-07
shoots,7.222088319421131e-08,1.4368159173023418e-06,7.545184002482766e-07
talk,7.357908635922062e-08,1.4326108717270213e-06,7.53094979043121e-07
list,7.47048989285685e-08,1.4292145761569028e-06,7.519597375427356e-07
teama,6.796064977904435e-08,1.4309347955804544e-06,7.494477226797493e-07
espnGrade,7.089158765140213e-08,1.424089212651174e-06,7.474904001512881e-07
billed,7.099751489877546e-08,1.4159074976314366e-06,7.434525062651061e-07
hangul,6.777002695403844e-08,1.3919679947320742e-06,7.298690108430564e-07
year5start,8.53061205921732e-08,1.372827916892408e-06,7.290670187422906e-07
quote,7.56567052684356e-08,1.3746686025163873e-06,7.251626538924115e-07
shoots,6.457099676092337e-08,1.3834358958664292e-06,7.240034463136763e-07
debutstadium,7.282701439294548e-08,1.373625222534424e-06,7.232261184636848e-07
ringNames,7.897854169309069e-08,1.3451998298219931e-06,7.120891857575419e-07
mixedDoublesPartner,6.99415123596332e-08,1.3378862037070702e-06,7.039138580333517e-07
statweek,6.402363814767192e-08,1.3427835844522286e-06,7.034036112999502e-07
carNumber,6.609767389470639e-08,1.3271614162491155e-06,6.966295450719109e-07
lasttestagainst,7.418625530427962e-08,1.3022465124989316e-06,6.882163839016057e-07
wimbledondoublesjuniorresult,6.943176220591784e-08,1.2999622878425205e-06,6.846970250242192e-07
authorAbbrevZoo,6.873632169744972e-08,1.288556439861191e-06,6.786463807793203e-07
pastcoaching,6.074121362331088e-08,1.266792865514049e-06,6.637670395686799e-07
open,7.183321627343176e-08,1.2398209005788682e-06,6.558270584261499e-07
stance,6.186272864034515e-08,1.2466298482062912e-06,6.542462884233182e-07
organization,6.475583587877832e-08,1.243415014368583e-06,6.540854251236807e-07
child,6.065926097419797e-08,1.2333433577097257e-06,6.470013093419618e-07
stat1label,6.448010176645807e-08,1.2245874369107856e-06,6.445337693386218e-07
ruSevensnationalcomp,6.159650280281937e-08,1.2089899135121508e-06,6.35293208157485e-07
refname,6.706469194625244e-08,1.2034594372930704e-06,6.352620646196614e-07
accessDate,5.693786679809201e-08,1.2124034240582646e-06,6.346706454281783e-07
views,5.925629724013463e-08,1.2091170839172397e-06,6.341866905786872e-07
hidedeliveries,5.3626969420859524e-08,1.1988879553309333e-06,6.262574623758964e-07
accessdate,5.581090893178625e-08,1.194683415912382e-06,6.252471624220841e-07
father,6.341968449158396e-08,1.1856741071480928e-06,6.245468958198384e-07
1a,5.4269026239559985e-08,1.1825812813947805e-06,6.184251538171702e-07
statsUpdate,6.243708575970689e-08,1.1613411924324331e-06,6.1188913909607e-07
currentteammate,4.97736757300824e-08,1.1633960906114974e-06,6.065848831707898e-07
stat3label,6.117777848020427e-08,1.1504219920313652e-06,6.057998852557848e-07
parliament,5.961659982600922e-08,1.1376826352521091e-06,5.986496175390591e-07
2a,6.682004741596828e-08,1.127068924858061e-06,5.969444861370146e-07
firstArcaWestRace,6.09046099019944e-08,1.1283571116091408e-06,5.946308607555676e-07
playingYears,5.6244442348721995e-08,1.1309451382674795e-06,5.935947903081008e-07
championships,5.4640070760993326e-08,1.1266087241373176e-06,5.906243974491555e-07
clubteam,5.472911563987427e-08,1.11679323933067e-06,5.857611774852721e-07
otherwins,5.407641433140945e-08,1.1026920226114448e-06,5.783842184714272e-07
testdebutyear,5.096905418651668e-08,1.1052281993502019e-06,5.780986267683593e-07
viaf,5.791781772467703e-08,1.0733346017364498e-06,5.656262097305634e-07
yearsInArcaWest,4.834357440452402e-08,1.070700909315119e-06,5.595222418598215e-07
ribbon,6.391373783978094e-08,1.0316512288192553e-06,5.477824833295181e-07
preceding,6.124170319263043e-08,1.0300503575983876e-06,5.45646030395509e-07
subDiscipline,5.672095590606771e-08,1.0268836016605273e-06,5.418022787832975e-07
stat2label,5.0531414374786586e-08,9.847555962041876e-07,5.176435052894871e-07
1p,4.339797015766268e-08,9.90344205382015e-07,5.168710877698388e-07
weightKg,5.7887662722709124e-08,9.729971259399526e-07,5.154423943313308e-07
careerPosition,5.149819998004921e-08,9.777036915256779e-07,5.146009457528636e-07
award,4.889834929291842e-08,9.78569530601107e-07,5.137339399470127e-07
producer,5.0362036476790653e-08,9.755574622001516e-07,5.129597493384712e-07
elite,4.7118840324524364e-08,9.71882621702546e-07,5.095007310135352e-07
worldChampionshipAppearances,4.5601179115297046e-08,9.579120521722055e-07,5.017566156437513e-07
ruNtupdate,4.5444194875319734e-08,9.575687475524757e-07,5.015064712138977e-07
totalLength,5.107531578397836e-08,9.517927922686468e-07,5.014340540263126e-07
cwidth,6.614886410532646e-08,9.308706771614679e-07,4.985097706333972e-07
prowins,4.9970287818677e-08,9.419795143253486e-07,4.959749010720128e-07
international,4.3690546523712945e-08,9.275125456900855e-07,4.856015461068992e-07
ruSevensupdate,5.3541652507446274e-08,9.018252113610011e-07,4.776834319342237e-07
totalcaps,4.658157169782577e-08,9.085390503847144e-07,4.775603110412701e-07
extour,4.541252916938394e-08,9.084932833073673e-07,4.769529062383756e-07
skatingClub,4.658957706500713e-08,9.062916979419847e-07,4.764406375034959e-07
ruCurrentteam,4.93769569086903e-08,9.02693217351451e-07,4.760350871300707e-07
frenchopendoublesjuniorresult,4.288542539505147e-08,9.007205921178559e-07,4.718030087564537e-07
blank,4.848443541275334e-08,8.913808274127541e-07,4.6993263141275374e-07
totalArcaEastRaces,4.2608276648168076e-08,8.955110563777888e-07,4.6905966651297845e-07
hockeydb,4.371889798950473e-08,8.86546177437718e-07,4.6513253771361136e-07
deathCause,4.781953240761769e-08,8.637310148792462e-07,4.5577527364343193e-07
clyears,4.184860322492414e-08,8.612257666491745e-07,4.5153718493704934e-07
stateDelegate,4.3545783545538576e-08,8.564663280329939e-07,4.5000605578926623e-07
europeanChampionshipAppearances,4.09516769287646e-08,8.570323845482463e-07,4.489920307385054e-07
auswins,4.134904825213647e-08,8.510640513530739e-07,4.4620654980260517e-07
yearbstart,3.847519772180088e-08,8.37386101132831e-07,4.379306494273159e-07
data,4.522990032365037e-08,8.287625379704118e-07,4.369962191470311e-07
frenchopendoublesresult,4.506192920987354e-08,8.22600270092249e-07,4.3383109965106126e-07
leader,4.621103061294327e-08,7.936125033119568e-07,4.1991176696245003e-07
deathCause,4.2543904181821375e-08,7.942951444736385e-07,4.1841952432772994e-07
on3Overall,3.861141586437066e-08,7.936852222141926e-07,4.1614831903928165e-07
align,4.201692256577205e-08,7.885848141560234e-07,4.153008683608977e-07
amateurTitle,3.991201765051056e-08,7.869284157573401e-07,4.1342021670392535e-07
year6start,4.0686698969498257e-08,7.816136645005015e-07,4.1115018173499986e-07
bestArcaWestPos,4.089677938832778e-08,7.750183429187323e-07,4.0795756115353007e-07
mmaNc,3.620211640203585e-08,7.707596418306037e-07,4.034808791163198e-07
provinceyears,3.8143263552387786e-08,7.518172741823143e-07,3.9498026886735107e-07
lasttestdate,3.94606762741318e-08,7.481196951277572e-07,3.937901857009445e-07
clprovince,3.4164838856614197e-08,7.492122599804153e-07,3.9168854941851476e-07
baseballRef,3.522304188186324e-08,7.473439916011262e-07,3.912835167414947e-07
finalResult,3.595417466114654e-08,7.466081832969044e-07,3.912811789790255e-07
draftYearPba,3.554980405996358e-08,7.304422636632072e-07,3.829960338615854e-07
careerRecord,3.493295800114289e-08,7.264676078588126e-07,3.8070028292997773e-07
firstTruckRace,3.3018122903339744e-08,7.174883940049188e-07,3.7525325845412924e-07
arcaTopTens,3.177427776393408e-08,7.169638295580807e-07,3.743690536610074e-07
yearsInTruck,3.1417175410363086e-08,7.148835672589402e-07,3.7315037133465165e-07
heightCm,3.4655108250535514e-08,7.032717041716984e-07,3.6896340621111694e-07
arcaEastPoles,3.508179947197662e-08,6.923156154052503e-07,3.636987074386135e-07
4namedata,3.7037278782842447e-08,6.903366775954195e-07,3.6368697818913096e-07
usopen,3.150812375215395e-08,6.95097754646303e-07,3.633029391992285e-07
imageGap,3.554613701881282e-08,6.909835952435468e-07,3.632648661311798e-07
masters,3.4121034330367475e-08,6.90266857667179e-07,3.6219394599877324e-07
handedness,3.196535432036317e-08,6.921109152040848e-07,3.6203813476222397e-07
arcaEastWins,3.190935814704444e-08,6.901122666337773e-07,3.6101081239041083e-07
amateuryears,3.4012867428961395e-08,6.801238106083214e-07,3.570683390186414e-07
3namedata,3.7885595393454956e-08,6.748227051414373e-07,3.5635415026744616e-07
positions,3.304538489339051e-08,6.795094248261512e-07,3.562774048597708e-07
dqLosses,3.191024138186626e-08,6.783313736182834e-07,3.551208075000748e-07
governor,3.619274449707039e-08,6.723456820884725e-07,3.5426921329277144e-07
location,3.555724932331485e-08,6.709782105246762e-07,3.5326772992399553e-07
band,3.1923573334017306e-08,6.721967940744943e-07,3.520601837042558e-07
wsopBraceletCount,3.102098000376692e-08,6.712335774710301e-07,3.5112727873739853e-07
selectionDate,3.351116914549748e-08,6.634724784137474e-07,3.4849182377962243e-07
heartsAppearances,3.208404507209417e-08,6.644118025648083e-07,3.4824792381845124e-07
t,3.766457636693103e-08,6.578429840367375e-07,3.477537802018342e-07
statyear,3.3698521957740874e-08,6.602833839214604e-07,3.4699095293960065e-07
singles,2.9645469821442857e-08,6.634316974613676e-07,3.4653858364140524e-07
female,3.348872338679622e-08,6.580425085138885e-07,3.4576561595034236e-07
year2end,3.201126517006832e-08,6.590258516647935e-07,3.455185584174309e-07
billed,3.006413488648278e-08,6.607298754534525e-07,3.4539700516996764e-07
video,3.3574269887717366e-08,6.525865891302102e-07,3.430804295089638e-07
arcaEastTopTens,3.0165751336530654e-08,6.554762478611236e-07,3.428209995988271e-07
clallireland,2.953731623327269e-08,6.422351367467752e-07,3.3588622649002396e-07
on3Stars,3.105838314344042e-08,6.378221467592464e-07,3.344402649513434e-07
lastArcaWestRace,2.8919562760767968e-08,6.372996542888263e-07,3.3310960852479716e-07
medaltemplates,2.7597765375163205e-08,6.379959654727472e-07,3.327968654239552e-07
clcounty,2.801824210075405e-08,6.37119407412265e-07,3.325688247565095e-07
1option,3.3197974797636675e-08,6.273547109906716e-07,3.302763428941541e-07
ruSevensnationalteam,3.53619028155718e-08,6.232685062013469e-07,3.293152045084593e-07
yearsInArcaEast,3.117618143251041e-08,6.211621682920943e-07,3.2616917486230234e-07
militaryBlank,3.3046972994821266e-08,6.184318024694225e-07,3.2573938773212187e-07
firstArcaEastWin,2.7363187737981904e-08,6.230732451548483e-07,3.252182164464151e-07
lastArcaRace,2.8748881042046e-08,6.199561462181052e-07,3.243525136300756e-07
option,2.8222826827112408e-08,6.160684353718617e-07,3.221456310994871e-07
language,3.244865168226182e-08,6.104230429369673e-07,3.2143584730961455e-07
scoutRefTitle,3.269189898587202e-08,6.070203003453867e-07,3.1985609966562934e-07
labels,3.013008112423538e-08,6.052805885991482e-07,3.1770533486169177e-07
mmaDraw,2.6562238389937553e-08,6.083942885787943e-07,3.1747826348436595e-07
originalteam,3.5365405250042246e-08,5.977138652427899e-07,3.1653963524641607e-07
yearsInArca,3.19762585392623e-08,6.00329282234197e-07,3.1615277038672965e-07
careerhighlights,3.594437130388993e-08,5.96018659886307e-07,3.159815155950985e-07
3p,2.978074570731421e-08,6.00285357589483e-07,3.1503305164839857e-07
musicVideos,2.8299670289017233e-08,6.012377953320235e-07,3.147687328105204e-07
amLoss,3.195253263112169e-08,5.945083709156399e-07,3.132304517733808e-07
icyears,3.447904394443816e-08,5.914747496073715e-07,3.1297689677590484e-07
australianopendoublesjuniorresult,3.270355053132649e-08,5.900246891732493e-07,3.113641198522879e-07
wikiPageDisambiguates,3.5250940075571945e-08,5.874564579936977e-07,3.113536990346348e-07
draftRoundPba,3.378997935650113e-08,5.866282482092364e-07,3.1020911378286875e-07
asiawins,3.41411408766403e-08,5.804355021844527e-07,3.072883215305465e-07
arcaPoles,2.7454650967191365e-08,5.825332264178191e-07,3.049939386925052e-07
lastArcaEastRace,2.7042480170566335e-08,5.739941031195857e-07,3.0051829164507603e-07
mlb,2.9356733630767364e-08,5.711273781735517e-07,3.0024205590215953e-07
amateurTeam,2.7291884810897165e-08,5.682382655045258e-07,2.977650751577115e-07
authorlink,3.625431591561136e-08,5.582316416084398e-07,2.9724297876202555e-07
direction,2.883190931068194e-08,5.518569695258699e-07,2.903444394182759e-07
ep,2.602762217490556e-08,5.537043633231629e-07,2.8986599274903426e-07
pages,3.2181183750543915e-08,5.4688861757132e-07,2.89534900660932e-07
testcap,3.1926215616622333e-08,5.453267653526313e-07,2.8862649048462687e-07
truckTopTens,2.9102810649369535e-08,5.477671484801664e-07,2.8843497956476796e-07
appearancesb,3.000865553368455e-08,5.433477207094043e-07,2.866781881215444e-07
totalArcaRaces,2.675383009060479e-08,5.456519358911512e-07,2.86202882990878e-07
hanja,2.6565041287713587e-08,5.417598841247309e-07,2.8416246270622225e-07
battlesLabel,2.5357526660533586e-08,5.370429265584479e-07,2.8120022660949074e-07
daviscupresult,2.2597335117630666e-08,5.318610114240302e-07,2.7722917327083044e-07
cagematch,2.8954255089513358e-08,5.248633325779831e-07,2.769087938337482e-07
truckPoles,2.5203279049082846e-08,5.229733615655721e-07,2.7408832030732746e-07
otherAppearances,2.8758649978769308e-08,5.1827354411452e-07,2.7351609704664463e-07
selectionProcess,2.7010980870107742e-08,5.175296479393014e-07,2.722703144047046e-07
letwins,2.4847789188202278e-08,5.166019570411953e-07,2.7072487311469877e-07
usopendoublesjuniorresult,2.677058651993605e-08,5.045384846586514e-07,2.656545355892937e-07
bestArcaPos,2.188113050238103e-08,5.042164946208054e-07,2.630488125615932e-07
wrestlingdata,2.352654509607914e-08,5.02005887427374e-07,2.6276621626172656e-07
testdebutdate,2.5791789171187118e-08,4.90548558153111e-07,2.581701736621491e-07
alternate,2.58385980863886e-08,4.861219038329498e-07,2.559802509596692e-07
ruCoachupdate,2.4903177549235302e-08,4.851795563233582e-07,2.5504136693629674e-07
minister,2.321312973881858e-08,4.841785882224106e-07,2.536958589806146e-07
year3end,2.4322449664083752e-08,4.792963639297538e-07,2.5180940679691876e-07
firstArcaRace,2.2375565278188796e-08,4.797914945340573e-07,2.5108352990612306e-07
super,2.2511324486346846e-08,4.7332997983295854e-07,2.479206521596527e-07
timestamp,2.157527021720368e-08,4.659202019796585e-07,2.437477360984311e-07
studio,2.28281780422897e-08,4.6147633210081996e-07,2.421522550715548e-07
mmaDqloss,1.873338030262886e-08,4.6154811702450837e-07,2.401407486635686e-07
mmaWin,2.2767134227759537e-08,4.552583759963763e-07,2.390127551120679e-07
fangraphs,2.225565548147415e-08,4.545525841285599e-07,2.3840411980501702e-07
proyears,2.004447518812272e-08,4.537600579189088e-07,2.3690226655351575e-07
d,2.3611557570091625e-08,4.427379563622954e-07,2.3317475696619353e-07
iwd,2.3567776023210305e-08,4.374509413162755e-07,2.305093586697429e-07
wimbledondoublesresult,2.480413064308188e-08,4.3203055143816884e-07,2.2841734104062536e-07
3a,2.1508944462191e-08,4.3531415102071644e-07,2.2841154774145372e-07
headline,2.0193788473034212e-08,4.2943912279691496e-07,2.248164556349746e-07
footer,2.2314032888777696e-08,4.2267629596225863e-07,2.2249516442551817e-07
autor,2.1200573124073193e-08,4.202508517701062e-07,2.207257124470897e-07
region,2.286185763105517e-08,4.157140071586097e-07,2.1928793239483243e-07
postNominals,2.2769521097594624e-08,4.15141481791231e-07,2.189555014444128e-07
coachteams,1.792721583311507e-08,4.181844337100691e-07,2.180558247715921e-07
icposition,2.2257854380323414e-08,4.1334588377944144e-07,2.1780186907988241e-07
fromAlbum,2.31546755851353e-08,4.0937300071587037e-07,2.1626383815050283e-07
code,2.024796470646013e-08,4.099425495092211e-07,2.150952571078406e-07
filename,2.0820235035616408e-08,4.090155207726661e-07,2.1491787790414125e-07
arcaCarTeam,2.0279856030287182e-08,4.0536743808192646e-07,2.1282364705610682e-07
multiline,2.0244803343001714e-08,4.0410814919980315e-07,2.1217647627140245e-07
county,1.9135905281334677e-08,3.9942302812146213e-07,2.092794667013984e-07
teams,2.1126138243468104e-08,3.949654613168683e-07,2.080457997801682e-07
boxrec,2.069956939210982e-08,3.950280665315015e-07,2.0786381796180566e-07
wimbledonjuniorresult,2.241721356569768e-08,3.917610209578512e-07,2.0708911726177446e-07
song,2.0839126418231156e-08,3.927603207110799e-07,2.0679972356465554e-07
suppressfields,1.9141781429461513e-08,3.909924911530704e-07,2.0506713629126597e-07
month,1.9712380127693416e-08,3.9029984224552013e-07,2.0500611118660677e-07
amKowin,2.0297130546866445e-08,3.8924291354280406e-07,2.0477002204483525e-07
debutTeam,2.113878747286417e-08,3.7932966411939395e-07,2.0023422579612906e-07
religion,2.0318655799814034e-08,3.756750283719727e-07,1.9799684208589338e-07
soundRecording,1.9744229495339502e-08,3.757641517090796e-07,1.9775419060220955e-07
debutteam,1.9946825188760098e-08,3.75433739409239e-07,1.9769028229899957e-07
bio,1.973607145302694e-08,3.7047859080088134e-07,1.9510733112695413e-07
teamb,2.149299636635967e-08,3.679228472819816e-07,1.9470792182417063e-07
serviceyearsLabel,1.6801565446298885e-08,3.7232590297813306e-07,1.9456373421221596e-07
currentMembers,1.4053751637711434e-08,3.7104076529327175e-07,1.9254725846549158e-07
currentSeries,2.028717622044571e-08,3.6181652221229883e-07,1.9105184921637228e-07
clposition,1.790178162898972e-08,3.534051849392955e-07,1.856534832841426e-07
debutagainst,1.80411318621222e-08,3.496463775056759e-07,1.8384375468389906e-07
authorLink,1.7379234879796746e-08,3.4759351875069423e-07,1.824863768152455e-07
help,1.7218357195112352e-08,3.445259438538094e-07,1.8087215052446088e-07
usopenmixedresult,1.8013385701791917e-08,3.4276827823133485e-07,1.803908319665634e-07
province,1.954483813098098e-08,3.40767624006779e-07,1.8015623106887998e-07
usopendoublesresult,2.255967126515871e-08,3.3623537873363346e-07,1.793975249993961e-07
deathYear,1.572653975326344e-08,3.3952440539843467e-07,1.7762547257584905e-07
3blankname,1.561702528036619e-08,3.389822115518336e-07,1.772996184160999e-07
spalten,1.8832868377894202e-08,3.3557113779789786e-07,1.7720200308789604e-07
wsopMainEventBestFinishYear,1.566036178739727e-08,3.380488345493127e-07,1.76854598168355e-07
otherarticle,2.2330712530498413e-08,3.30908597085478e-07,1.7661965480798821e-07
voy,1.7148463083553508e-08,3.344912649247042e-07,1.7581986400412884e-07
pga,1.8753061619767323e-08,3.321764231326949e-07,1.754647423762311e-07
group,1.7582499356783077e-08,3.32907266236844e-07,1.7524488279681353e-07
thesis1Title,1.6428822785321873e-08,3.338784963935712e-07,1.7515365958944654e-07
pfrexec,1.5734292655122497e-08,3.344583055065563e-07,1.750962990808394e-07
arcaWestCarTeam,1.61617345566758e-08,3.326543655519117e-07,1.7440805005429376e-07
australianopenjuniorresult,1.8042622726671514e-08,3.2992590444535897e-07,1.7398426358601525e-07
1optionName,1.6037920201051527e-08,3.3165948629407045e-07,1.73848703247561e-07
cover,1.730361296026779e-08,3.2863478871853593e-07,1.7296920083940187e-07
n,1.8278249009339107e-08,3.2524133870659235e-07,1.7175979385796572e-07
q,1.734251705939733e-08,3.2572301147751106e-07,1.715327642684542e-07
truckCarTeam,1.8621769011116535e-08,3.2151282411528404e-07,1.7006729656320028e-07
successor,1.8574204457646492e-08,3.211313524450395e-07,1.69852778451343e-07
totalTruckRaces,1.5232548455028412e-08,3.233382958153132e-07,1.692854221351708e-07
lastSeries,1.5474089986786014e-08,3.17467341959086e-07,1.66470715972936e-07
thesis1Url,1.6349716089539833e-08,3.164041984970166e-07,1.663769572932782e-07
small,1.6434001603649373e-08,3.151257678201683e-07,1.6577988471190882e-07
imageName,1.6469795854182612e-08,3.1203401268472774e-07,1.6425190426945519e-07
authorAbbreviationZoo,1.7060355873971513e-08,3.101795070700136e-07,1.6361993147199256e-07
wikt,1.7114277436464318e-08,3.0937902189159385e-07,1.6324664966402907e-07
hopmancupresult,1.5346262138199938e-08,3.105096823067102e-07,1.6292797222245506e-07
quoted,1.4072336368429965e-08,3.105070908687987e-07,1.6228971361861434e-07
float,1.5896719521377962e-08,3.0280313772216937e-07,1.5934992862177365e-07
wusopen,1.574150615311277e-08,3.0246046638844213e-07,1.5910098627077745e-07
optionName,1.5451037869973828e-08,3.018740077662215e-07,1.5866252281809768e-07
artikel,1.5285469248290028e-08,3.007893606192031e-07,1.5803741493374656e-07
amateurteam,1.6517848935147496e-08,2.9839624940206147e-07,1.5745704916860447e-07
usopenjuniorresult,1.566240968907594e-08,2.9893028361527394e-07,1.5729634665217494e-07
oleft,1.5483335837707334e-08,2.9579616420227406e-07,1.556397500199907e-07
counties,1.615567517144703e-08,2.879205953049483e-07,1.5203813523819767e-07
collapsible,1.4585108161760604e-08,2.8866638858802645e-07,1.5162574837489352e-07
arcaEastCarTeam,1.4051274014713413e-08,2.890963372255296e-07,1.515738056201215e-07
bestArcaEastPos,1.4907477155657503e-08,2.8777288009504266e-07,1.513401786253501e-07
cheight,1.571705412561761e-08,2.8634471856851176e-07,1.510308863470647e-07
death,1.531748487323963e-08,2.857163699644806e-07,1.505169274188601e-07
prospectTeam,1.626795087437895e-08,2.8366427770189135e-07,1.4996611428813514e-07
debutfor,1.3395350326397695e-08,2.854826874016154e-07,1.4943901886400657e-07
rr,1.2999417240191674e-08,2.8549355488746874e-07,1.492464860638302e-07
onet20i,1.3188636103529806e-08,2.806136559492526e-07,1.4690114602639122e-07
sopt,1.4575949495950722e-08,2.7898556817956966e-07,1.467807588377602e-07
fetchwikidata,1.3973477903877162e-08,2.79573583694579e-07,1.4677353079922808e-07
sport,1.3854697791673572e-08,2.794380934859819e-07,1.4664639563882773e-07
prospectTeam,1.3679264655506355e-08,2.709439019073556e-07,1.4231158328143097e-07
amLabel,1.5463512551484443e-08,2.6807810249707514e-07,1.417708075242798e-07
anainspiration,1.4635796820557246e-08,2.6643178083372837e-07,1.4053378882714282e-07
active,1.316583100839041e-08,2.6388745552132336e-07,1.385266432648569e-07
gender,1.567430282345955e-08,2.6002374435184446e-07,1.3784902358765201e-07
v,1.4792268628765337e-08,2.598426230349341e-07,1.373174458318497e-07
abbr,1.5391963942911278e-08,2.5880331471003375e-07,1.370976393264725e-07
yahoo,1.2063422574661899e-08,2.6126030087634524e-07,1.3666186172550358e-07
chapter,1.8317901415460165e-08,2.5313712445470645e-07,1.357275129350833e-07
stat2value,1.2783804703637766e-08,2.568291621586312e-07,1.3480648343113448e-07
chancellor,1.4053453864783319e-08,2.553758896168431e-07,1.3471467174081319e-07
bgcolor,1.013697732149236e-08,2.5865310187924257e-07,1.3439503960036747e-07
misc,1.4407472516102028e-08,2.532439330968026e-07,1.3382570280645231e-07
careerHighlights,1.0988748844074785e-08,2.5419229345869813e-07,1.3259052115138645e-07
frenchopenjuniorresult,1.5061274204877037e-08,2.4982938427373193e-07,1.3244532923930448e-07
birth,1.2084773618730925e-08,2.5126041563774695e-07,1.3167259462823894e-07
commons,1.3209826458201531e-08,2.489534159590283e-07,1.310816212086149e-07
signatureAlt,1.3416633118469546e-08,2.48392939702955e-07,1.3090478641071228e-07
audio,1.329743236327295e-08,2.463577856561157e-07,1.2982760900969432e-07
ruYear1end,1.4082887584176032e-08,2.444982256136367e-07,1.2929055659890637e-07
yearbend,1.2956745452601052e-08,2.4542859433299203e-07,1.2919266989279655e-07
ruClub,1.3062625650252687e-08,2.4243490867034436e-07,1.2774876716029851e-07
itfName,1.0349087065942784e-08,2.3938138137026743e-07,1.248652342181051e-07
toggle,1.4930663752307527e-08,2.3385111110315662e-07,1.2439088742773208e-07
yearaend,1.1426711235259858e-08,2.3565141244275223e-07,1.2353906183900605e-07
draftPickPba,1.3072381392626497e-08,2.3375425338748092e-07,1.234133173900537e-07
prospectLeague,1.2304845587191694e-08,2.3310134097397566e-07,1.227030932805837e-07
gamesGoalstotal,1.3130811825425864e-08,2.322190191245826e-07,1.2267491547500423e-07
cabinet,1.349613660073994e-08,2.3139238978841808e-07,1.2244426319457901e-07
firstYear,1.1356682366858114e-08,2.329157981703471e-07,1.221362402686026e-07
lpga,1.1967342124317706e-08,2.2874330021580258e-07,1.2035532117006015e-07
nfl,1.1100185975283572e-08,2.2831075991435974e-07,1.1970547294482165e-07
year4end,1.141915316550288e-08,2.277058929894465e-07,1.1956252307747468e-07
w,1.205616282224921e-08,2.2704482691497058e-07,1.195504948686099e-07
reachIn,1.140004119301409e-08,2.2755190921563348e-07,1.194759752043238e-07
norec,1.0529564107528707e-08,2.2627429294302166e-07,1.1840192852527518e-07
channelDisplayName,1.1554492577347653e-08,2.2043933097613608e-07,1.1599691177674186e-07
state,1.338243967075594e-08,2.1788740282492878e-07,1.1563492124784236e-07
otop,1.2034003097736686e-08,2.1610997902822748e-07,1.1407199106298209e-07
extraColumn,1.0878380534996007e-08,2.1489634020212314e-07,1.1288736036855958e-07
lcheading,1.1300464850553432e-08,2.1341317127332598e-07,1.1235681806193971e-07
allWriting,8.894737079369444e-09,2.1471009048039376e-07,1.118024137798816e-07
salign,1.1703809695082867e-08,2.0865420294522302e-07,1.1017900632015294e-07
cfldraftedteam,9.869045020208851e-09,2.0934407806486993e-07,1.0960656154253939e-07
b,1.0803196876673972e-08,2.0420639847050648e-07,1.0750479767359023e-07
prospectLeague,9.901812146172409e-09,2.0033421128095696e-07,1.0511801171356468e-07
bsize,1.0069307603428526e-08,1.9907072525105297e-07,1.0457001642724075e-07
wsopMainEventBestFinishRank,1.0053932142853867e-08,1.9764339330736114e-07,1.038486627251075e-07
wbritopen,1.0140547892069328e-08,1.9565170699542574e-07,1.0289612744374753e-07
bwfId,8.300755800657365e-09,1.952068768565901e-07,1.0175381632862374e-07
mbid,9.911543066562317e-09,1.9223959686673747e-07,1.0107556996664989e-07
contest,1.0437407731274488e-08,1.8916349419991323e-07,9.980045096559385e-08
termLabel,1.1123215432748586e-08,1.8830863291966606e-07,9.971592417620732e-08
nominations,1.0406731993309891e-08,1.8770780831545087e-07,9.905727015438038e-08
wsopMoneyFinishes,9.473526823537006e-09,1.8433350610884476e-07,9.690351646619089e-08
draftTeamPba,9.484260215030293e-09,1.8418702155878557e-07,9.683564088690794e-08
evian,1.0686129824299538e-08,1.8266107201196526e-07,9.66736009181324e-08
pos,8.681255526440167e-09,1.7897167324141196e-07,9.382646438392606e-08
spinoffOf,8.406713832128114e-09,1.741689086153581e-07,9.128781122374311e-08
description,8.063443760858192e-09,1.7352288855164797e-07,9.079316615625309e-08
patrons,8.609713998535568e-09,1.6804593944187468e-07,8.832782672020513e-08
1loc,8.457987933764821e-09,1.531077274875431e-07,8.078285771065396e-08
display,7.005267030829154e-09,1.518616572645894e-07,7.943346214770927e-08
ruYear1start,6.49076750476291e-09,1.4791781050649067e-07,7.720428900562678e-08
formerTeams,7.234072991732507e-09,1.450227223388847e-07,7.612839766530861e-08
sname,7.530021997488874e-09,1.332205260252332e-07,7.037527401136104e-08
stat3value,6.686692422776694e-09,1.2797378913503874e-07,6.733024077890772e-08
year5end,6.0074296382354305e-09,1.274622572233253e-07,6.673484343078037e-08
colwidth,8.672040949488747e-09,1.2195820373627233e-07,6.531512234288054e-08
t20ishirt,5.436364271655394e-09,1.237652679092115e-07,6.460081609043345e-08
chapterUrl,6.6763161590576215e-09,1.1515675454732524e-07,6.091653535319143e-08
lastFinish,5.759812498943963e-09,1.0321299194448024e-07,5.44864022217121e-08
day,4.550657718910133e-09,1.0040294330863523e-07,5.247680051377268e-08
stateLegislature,5.652836520661779e-09,9.072569822371496e-08,4.8189267372188366e-08
